ø,Percocet,,"rxmed(""Percocet"")"
ø,Vicodin,,"rxmed(""Vicodin"")"
ø,Methadone,,"rxmed(""Methadone"")"
ø,Simvastatin,,"rxmed(""Simvastatin"")"
ø,Clonazepam,,"rxmed(""Clonazepam"")"
ø,Lisinopril,,"rxmed(""Lisinopril"")"
ø,Meloxicam,,"rxmed(""Meloxicam"")"
ø,Flonase,,"rxmed(""Flonase"")"
ø,Lisinopril/Hydrochlorothiazide,,"rxmed(""Lisinopril/Hydrochlorothiazide"")"
ø,Atenolol,,"rxmed(""Atenolol"")"
ø,Metformin,,"rxmed(""Metformin"")"
ø,Fluoxetine,,"rxmed(""Fluoxetine"")"
ø,Hydrocodone/Acetaminophen,,"rxmed(""Hydrocodone/Acetaminophen"")"
ø,Hydrochlorothiazide (HCTZ),,"rxmed(""Hydrochlorothiazide (HCTZ)"")"
ø,Amoxicillin,,"rxmed(""Amoxicillin"")"
ø,Lorazepam,,"rxmed(""Lorazepam"")"
ø,Omeprazole,,"rxmed(""Omeprazole"")"
ø,Zolpidem,,"rxmed(""Zolpidem"")"
ø,Adderall XR,,"rxmed(""Adderall XR"")"
ø,Levothyroxine,,"rxmed(""Levothyroxine"")"
ø,Zoloft,,"rxmed(""Zoloft"")"
ø,Lovastatin,,"rxmed(""Lovastatin"")"
ø,Citalopram,,"rxmed(""Citalopram"")"
ø,Albuterol HFA,,"rxmed(""Albuterol HFA"")"
ø,Ambien,,"rxmed(""Ambien"")"
ø,Codeine/Guaifenesin,,"rxmed(""Codeine/Guaifenesin"")"
ø,Prednisone,,"rxmed(""Prednisone"")"
ø,Celexa,,"rxmed(""Celexa"")"
ø,Metoprolol,,"rxmed(""Metoprolol"")"
ø,Triamcinolone,,"rxmed(""Triamcinolone"")"
ø,Azithromycin,,"rxmed(""Azithromycin"")"
ø,Atenolol/Chlorthalidone,,"rxmed(""Atenolol/Chlorthalidone"")"
ø,Trazodone,,"rxmed(""Trazodone"")"
ø,Zofran,,"rxmed(""Zofran"")"
ø,MS Contin,,"rxmed(""MS Contin"")"
ø,Cyclobenzaprine HCl,,"rxmed(""Cyclobenzaprine HCl"")"
ø,Bactrim DS,,"rxmed(""Bactrim DS"")"
ø,Amitriptyline HCl,,"rxmed(""Amitriptyline HCl"")"
ø,Viagra,,"rxmed(""Viagra"")"
ø,Cialis,,"rxmed(""Cialis"")"
ø,Synthroid,,"rxmed(""Synthroid"")"
ø,Potassium Chloride,,"rxmed(""Potassium Chloride"")"
ø,Tylenol w/Codeine #3,,"rxmed(""Tylenol w/Codeine #3"")"
ø,Alprazolam,,"rxmed(""Alprazolam"")"
ø,Dilaudid,,"rxmed(""Dilaudid"")"
ø,Lipitor,,"rxmed(""Lipitor"")"
ø,Glyburide,,"rxmed(""Glyburide"")"
ø,Adderall,,"rxmed(""Adderall"")"
ø,Keflex,,"rxmed(""Keflex"")"
ø,Flexeril,,"rxmed(""Flexeril"")"
ø,Ciprofloxacin HCl,,"rxmed(""Ciprofloxacin HCl"")"
ø,Gabapentin,,"rxmed(""Gabapentin"")"
ø,Sertraline HCl,,"rxmed(""Sertraline HCl"")"
ø,Aerochamber,,"rxmed(""Aerochamber"")"
ø,Venlafaxine HCl,,"rxmed(""Venlafaxine HCl"")"
ø,Effexor XR,,"rxmed(""Effexor XR"")"
ø,Flomax,,"rxmed(""Flomax"")"
ø,Oxycontin,,"rxmed(""Oxycontin"")"
ø,Wellbutrin XL,,"rxmed(""Wellbutrin XL"")"
ø,Terbinafine HCl,,"rxmed(""Terbinafine HCl"")"
ø,Test strips,,"rxmed(""Test strips"")"
ø,Glipizide,,"rxmed(""Glipizide"")"
ø,Cipro,,"rxmed(""Cipro"")"
ø,Amlodipine,,"rxmed(""Amlodipine"")"
ø,Prilosec,,"rxmed(""Prilosec"")"
ø,Acyclovir,,"rxmed(""Acyclovir"")"
ø,Flovent HFA,,"rxmed(""Flovent HFA"")"
ø,Furosemide,,"rxmed(""Furosemide"")"
ø,Imitrex,,"rxmed(""Imitrex"")"
ø,Cozaar,,"rxmed(""Cozaar"")"
ø,Pravastatin,,"rxmed(""Pravastatin"")"
ø,Allopurinol,,"rxmed(""Allopurinol"")"
ø,Doxazosin Mesylate,,"rxmed(""Doxazosin Mesylate"")"
ø,Prozac,,"rxmed(""Prozac"")"
ø,Clobetasol Propionate,,"rxmed(""Clobetasol Propionate"")"
ø,Xanax,,"rxmed(""Xanax"")"
ø,Mirapex,,"rxmed(""Mirapex"")"
ø,Coumadin,,"rxmed(""Coumadin"")"
ø,Vitamin D2,,"rxmed(""Vitamin D2"")"
ø,Nystatin,,"rxmed(""Nystatin"")"
ø,Albuterol,,"rxmed(""Albuterol"")"
ø,Lantus,,"rxmed(""Lantus"")"
ø,Plavix,,"rxmed(""Plavix"")"
ø,Tylenol w/Codeine #4,,"rxmed(""Tylenol w/Codeine #4"")"
ø,Protonix,,"rxmed(""Protonix"")"
ø,Chantix,,"rxmed(""Chantix"")"
ø,Levoxyl,,"rxmed(""Levoxyl"")"
ø,Morphine Sulfate,,"rxmed(""Morphine Sulfate"")"
ø,Ritalin SR,,"rxmed(""Ritalin SR"")"
ø,Paxil,,"rxmed(""Paxil"")"
ø,Endocet,,"rxmed(""Endocet"")"
ø,Tramadol,,"rxmed(""Tramadol"")"
ø,Dicyclomine HCl,,"rxmed(""Dicyclomine HCl"")"
ø,Metronidazole,,"rxmed(""Metronidazole"")"
ø,Physical Therapy,,"rxmed(""Physical Therapy"")"
ø,Phenergan,,"rxmed(""Phenergan"")"
ø,Effexor,,"rxmed(""Effexor"")"
ø,Fluoritab,,"rxmed(""Fluoritab"")"
ø,Premarin,,"rxmed(""Premarin"")"
ø,Acetaminophen/Codeine,,"rxmed(""Acetaminophen/Codeine"")"
ø,Lasix,,"rxmed(""Lasix"")"
ø,Oxycodone/Acetaminophen,,"rxmed(""Oxycodone/Acetaminophen"")"
ø,Ranitidine,,"rxmed(""Ranitidine"")"
ø,Tessalon Perles,,"rxmed(""Tessalon Perles"")"
ø,Propranolol HCl,,"rxmed(""Propranolol HCl"")"
ø,Advair Diskus,,"rxmed(""Advair Diskus"")"
ø,Losartan,,"rxmed(""Losartan"")"
ø,Nortriptyline,,"rxmed(""Nortriptyline"")"
ø,Spironolactone,,"rxmed(""Spironolactone"")"
ø,Benzamycin,,"rxmed(""Benzamycin"")"
ø,Fioricet,,"rxmed(""Fioricet"")"
ø,QVAR,,"rxmed(""QVAR"")"
ø,Bupropion ER (SR),,"rxmed(""Bupropion ER (SR)"")"
ø,Maxzide,,"rxmed(""Maxzide"")"
ø,Wellbutrin SR,,"rxmed(""Wellbutrin SR"")"
ø,Augmentin,,"rxmed(""Augmentin"")"
ø,Benazepril HCl,,"rxmed(""Benazepril HCl"")"
ø,Crestor,,"rxmed(""Crestor"")"
ø,Diltiazem HCl,,"rxmed(""Diltiazem HCl"")"
ø,Estradiol,,"rxmed(""Estradiol"")"
ø,Naproxen,,"rxmed(""Naproxen"")"
ø,Fluticasone Propionate,,"rxmed(""Fluticasone Propionate"")"
ø,Indomethacin,,"rxmed(""Indomethacin"")"
ø,Oxycodone HCl,,"rxmed(""Oxycodone HCl"")"
ø,Permethrin,,"rxmed(""Permethrin"")"
ø,Doxepin HCl,,"rxmed(""Doxepin HCl"")"
ø,Levitra,,"rxmed(""Levitra"")"
ø,Losartan/Hydrochlorothiazide,,"rxmed(""Losartan/Hydrochlorothiazide"")"
ø,Pantoprazole,,"rxmed(""Pantoprazole"")"
ø,Ritalin LA,,"rxmed(""Ritalin LA"")"
ø,Ativan,,"rxmed(""Ativan"")"
ø,Erythromycin Ophthalmic,,"rxmed(""Erythromycin Ophthalmic"")"
ø,TobraDex,,"rxmed(""TobraDex"")"
ø,Diflucan,,"rxmed(""Diflucan"")"
ø,Minocycline HCl,,"rxmed(""Minocycline HCl"")"
ø,Ritalin,,"rxmed(""Ritalin"")"
ø,Triamterene/Hydrochlorothiazide,,"rxmed(""Triamterene/Hydrochlorothiazide"")"
ø,Zocor,,"rxmed(""Zocor"")"
ø,Mirtazapine,,"rxmed(""Mirtazapine"")"
ø,Seroquel,,"rxmed(""Seroquel"")"
ø,Toprol XL,,"rxmed(""Toprol XL"")"
ø,Venlafaxine ER,,"rxmed(""Venlafaxine ER"")"
ø,BuSpar,,"rxmed(""BuSpar"")"
ø,Carvedilol,,"rxmed(""Carvedilol"")"
ø,Clotrimazole,,"rxmed(""Clotrimazole"")"
ø,Ortho Novum 7/7/7 28 day,,"rxmed(""Ortho Novum 7/7/7 28 day"")"
ø,Paroxetine HCl,,"rxmed(""Paroxetine HCl"")"
ø,Valium,,"rxmed(""Valium"")"
ø,Fosamax,,"rxmed(""Fosamax"")"
ø,Glucometer,,"rxmed(""Glucometer"")"
ø,ProAir HFA,,"rxmed(""ProAir HFA"")"
ø,Requip,,"rxmed(""Requip"")"
ø,Bupropion HCl,,"rxmed(""Bupropion HCl"")"
ø,EpiPen Auto-Injector,,"rxmed(""EpiPen Auto-Injector"")"
ø,Diazepam,,"rxmed(""Diazepam"")"
ø,Enalapril Maleate,,"rxmed(""Enalapril Maleate"")"
ø,Geodon,,"rxmed(""Geodon"")"
ø,Metadate ER,,"rxmed(""Metadate ER"")"
ø,Methylin,,"rxmed(""Methylin"")"
ø,Reglan,,"rxmed(""Reglan"")"
ø,Syringes,,"rxmed(""Syringes"")"
ø,Celebrex,,"rxmed(""Celebrex"")"
ø,Chlorthalidone,,"rxmed(""Chlorthalidone"")"
ø,Gemfibrozil,,"rxmed(""Gemfibrozil"")"
ø,Ibuprofen,,"rxmed(""Ibuprofen"")"
ø,Benicar,,"rxmed(""Benicar"")"
ø,Clindamycin HCl,,"rxmed(""Clindamycin HCl"")"
ø,Clonidine HCl,,"rxmed(""Clonidine HCl"")"
ø,Estrace,,"rxmed(""Estrace"")"
ø,Glucophage,,"rxmed(""Glucophage"")"
ø,Lancet,,"rxmed(""Lancet"")"
ø,Lidex,,"rxmed(""Lidex"")"
ø,Prenatal Multivitamin,,"rxmed(""Prenatal Multivitamin"")"
ø,Temazepam,,"rxmed(""Temazepam"")"
ø,Warfarin Sodium,,"rxmed(""Warfarin Sodium"")"
ø,Maxalt,,"rxmed(""Maxalt"")"
ø,Micardis,,"rxmed(""Micardis"")"
ø,Nexium,,"rxmed(""Nexium"")"
ø,Tetracycline HCl,,"rxmed(""Tetracycline HCl"")"
ø,Tri Vit w/Fluoride,,"rxmed(""Tri Vit w/Fluoride"")"
ø,Atorvastatin Calcium,,"rxmed(""Atorvastatin Calcium"")"
ø,Dilantin Kapseals,,"rxmed(""Dilantin Kapseals"")"
ø,NuvaRing,,"rxmed(""NuvaRing"")"
ø,Oxybutynin Chloride,,"rxmed(""Oxybutynin Chloride"")"
ø,Prilosec OTC,,"rxmed(""Prilosec OTC"")"
ø,Ramipril,,"rxmed(""Ramipril"")"
ø,Vosol HC,,"rxmed(""Vosol HC"")"
ø,Azelastine HCl,,"rxmed(""Azelastine HCl"")"
ø,Cymbalta,,"rxmed(""Cymbalta"")"
ø,Diclofenac Sodium,,"rxmed(""Diclofenac Sodium"")"
ø,Ferrous Sulfate,,"rxmed(""Ferrous Sulfate"")"
ø,Humalog,,"rxmed(""Humalog"")"
ø,Isosorbide Mononitrate,,"rxmed(""Isosorbide Mononitrate"")"
ø,Klonopin,,"rxmed(""Klonopin"")"
ø,Levothroid,,"rxmed(""Levothroid"")"
ø,Promethazine HCl,,"rxmed(""Promethazine HCl"")"
ø,Scopolamine,,"rxmed(""Scopolamine"")"
ø,Valtrex,,"rxmed(""Valtrex"")"
ø,Zovirax,,"rxmed(""Zovirax"")"
ø,Bactroban,,"rxmed(""Bactroban"")"
ø,Benicar HCT,,"rxmed(""Benicar HCT"")"
ø,Colchicine,,"rxmed(""Colchicine"")"
ø,Micronor,,"rxmed(""Micronor"")"
ø,Strattera,,"rxmed(""Strattera"")"
ø,Ventolin HFA,,"rxmed(""Ventolin HFA"")"
ø,Combivent,,"rxmed(""Combivent"")"
ø,Methylphenidate HCl,,"rxmed(""Methylphenidate HCl"")"
ø,Nasacort AQ,,"rxmed(""Nasacort AQ"")"
ø,Neurontin,,"rxmed(""Neurontin"")"
ø,Pyridium,,"rxmed(""Pyridium"")"
ø,Vivelle-Dot,,"rxmed(""Vivelle-Dot"")"
ø,Yasmin,,"rxmed(""Yasmin"")"
ø,Allegra,,"rxmed(""Allegra"")"
ø,Auralgan,,"rxmed(""Auralgan"")"
ø,Cholestyramine,,"rxmed(""Cholestyramine"")"
ø,Fenofibrate,,"rxmed(""Fenofibrate"")"
ø,Hydrocortisone,,"rxmed(""Hydrocortisone"")"
ø,Levaquin,,"rxmed(""Levaquin"")"
ø,MetroGel,,"rxmed(""MetroGel"")"
ø,NovoLog Mix 70/30,,"rxmed(""NovoLog Mix 70/30"")"
ø,"Phenytoin Sodium, Extended",,"rxmed(""Phenytoin Sodium, Extended"")"
ø,Singulair,,"rxmed(""Singulair"")"
ø,Sodium Fluoride,,"rxmed(""Sodium Fluoride"")"
ø,DuoNeb,,"rxmed(""DuoNeb"")"
ø,Felodipine,,"rxmed(""Felodipine"")"
ø,Lithium Carbonate,,"rxmed(""Lithium Carbonate"")"
ø,Lotensin,,"rxmed(""Lotensin"")"
ø,Miralax,,"rxmed(""Miralax"")"
ø,Nadolol,,"rxmed(""Nadolol"")"
ø,Propoxyphene Napsylate/Acetaminophen,,"rxmed(""Propoxyphene Napsylate/Acetaminophen"")"
ø,Compazine,,"rxmed(""Compazine"")"
ø,Docusate Sodium,,"rxmed(""Docusate Sodium"")"
ø,Drysol,,"rxmed(""Drysol"")"
ø,Insulin Syringes,,"rxmed(""Insulin Syringes"")"
ø,Ketoconazole,,"rxmed(""Ketoconazole"")"
ø,Lamisil,,"rxmed(""Lamisil"")"
ø,Prinivil,,"rxmed(""Prinivil"")"
ø,Spiriva HandiHaler,,"rxmed(""Spiriva HandiHaler"")"
ø,Sumatriptan,,"rxmed(""Sumatriptan"")"
ø,Testosterone Cypionate,,"rxmed(""Testosterone Cypionate"")"
ø,Tri-Sprintec 28,,"rxmed(""Tri-Sprintec 28"")"
ø,Verapamil HCl,,"rxmed(""Verapamil HCl"")"
ø,Voltaren,,"rxmed(""Voltaren"")"
ø,Acetaminophen,,"rxmed(""Acetaminophen"")"
ø,Cortisporin,,"rxmed(""Cortisporin"")"
ø,Diovan,,"rxmed(""Diovan"")"
ø,fluoride,,"rxmed(""fluoride"")"
ø,Lidoderm,,"rxmed(""Lidoderm"")"
ø,Lonox,,"rxmed(""Lonox"")"
ø,Massage Therapy,,"rxmed(""Massage Therapy"")"
ø,Patanol,,"rxmed(""Patanol"")"
ø,Pravachol,,"rxmed(""Pravachol"")"
ø,Prevacid,,"rxmed(""Prevacid"")"
ø,Prinzide,,"rxmed(""Prinzide"")"
ø,Relpax,,"rxmed(""Relpax"")"
ø,Terazosin,,"rxmed(""Terazosin"")"
ø,Triazolam,,"rxmed(""Triazolam"")"
ø,Tylox,,"rxmed(""Tylox"")"
ø,Actos,,"rxmed(""Actos"")"
ø,Asmanex Twisthaler,,"rxmed(""Asmanex Twisthaler"")"
ø,Cipro HC,,"rxmed(""Cipro HC"")"
ø,Clarithromycin,,"rxmed(""Clarithromycin"")"
ø,Cytomel,,"rxmed(""Cytomel"")"
ø,Doxycycline,,"rxmed(""Doxycycline"")"
ø,Flagyl,,"rxmed(""Flagyl"")"
ø,Lexapro,,"rxmed(""Lexapro"")"
ø,Loratadine,,"rxmed(""Loratadine"")"
ø,Macrobid,,"rxmed(""Macrobid"")"
ø,Mebendazole,,"rxmed(""Mebendazole"")"
ø,Nitrofurantoin,,"rxmed(""Nitrofurantoin"")"
ø,Ortho Novum 1/35  28 day,,"rxmed(""Ortho Novum 1/35  28 day"")"
ø,Oxazepam,,"rxmed(""Oxazepam"")"
ø,Tramadol ER,,"rxmed(""Tramadol ER"")"
ø,Zaditor,,"rxmed(""Zaditor"")"
ø,Aricept,,"rxmed(""Aricept"")"
ø,Ascensia CONTOUR Test Strips,,"rxmed(""Ascensia CONTOUR Test Strips"")"
ø,Aspirin (ASA),,"rxmed(""Aspirin (ASA)"")"
ø,Ciprodex,,"rxmed(""Ciprodex"")"
ø,Concerta,,"rxmed(""Concerta"")"
ø,Lomotil,,"rxmed(""Lomotil"")"
ø,Rosuvastatin,,"rxmed(""Rosuvastatin"")"
ø,Soma,,"rxmed(""Soma"")"
ø,Amoxil,,"rxmed(""Amoxil"")"
ø,Apri 28,,"rxmed(""Apri 28"")"
ø,Avodart,,"rxmed(""Avodart"")"
ø,Benazepril/Hydrochlorothiazide,,"rxmed(""Benazepril/Hydrochlorothiazide"")"
ø,Budeprion SR,,"rxmed(""Budeprion SR"")"
ø,Colace,,"rxmed(""Colace"")"
ø,Differin,,"rxmed(""Differin"")"
ø,Glucose Reagent Blood Test Strips,,"rxmed(""Glucose Reagent Blood Test Strips"")"
ø,Maxalt MLT,,"rxmed(""Maxalt MLT"")"
ø,Niaspan,,"rxmed(""Niaspan"")"
ø,Norvasc,,"rxmed(""Norvasc"")"
ø,Plan B,,"rxmed(""Plan B"")"
ø,Tizanidine HCl,,"rxmed(""Tizanidine HCl"")"
ø,Trimethoprim/Sulfamethoxazole,,"rxmed(""Trimethoprim/Sulfamethoxazole"")"
ø,TriNessa 28,,"rxmed(""TriNessa 28"")"
ø,Valacyclovir,,"rxmed(""Valacyclovir"")"
ø,Vitamin B12,,"rxmed(""Vitamin B12"")"
ø,Zantac,,"rxmed(""Zantac"")"
ø,Zithromax,,"rxmed(""Zithromax"")"
ø,Ambien CR,,"rxmed(""Ambien CR"")"
ø,Astelin,,"rxmed(""Astelin"")"
ø,Digoxin,,"rxmed(""Digoxin"")"
ø,Diltia XT,,"rxmed(""Diltia XT"")"
ø,Ditropan XL,,"rxmed(""Ditropan XL"")"
ø,Finasteride,,"rxmed(""Finasteride"")"
ø,Fluocinonide,,"rxmed(""Fluocinonide"")"
ø,Lactulose,,"rxmed(""Lactulose"")"
ø,Loestrin  Fe 1.5/30  28 day,,"rxmed(""Loestrin  Fe 1.5/30  28 day"")"
ø,Lortab,,"rxmed(""Lortab"")"
ø,Metoprolol ER,,"rxmed(""Metoprolol ER"")"
ø,Mevacor,,"rxmed(""Mevacor"")"
ø,Nasonex,,"rxmed(""Nasonex"")"
ø,NovoLog,,"rxmed(""NovoLog"")"
ø,Ortho Tri-Cyclen  28,,"rxmed(""Ortho Tri-Cyclen  28"")"
ø,Pletal,,"rxmed(""Pletal"")"
ø,Pramipexole,,"rxmed(""Pramipexole"")"
ø,Risperidone,,"rxmed(""Risperidone"")"
ø,Ropinirole HCl,,"rxmed(""Ropinirole HCl"")"
ø,Rythmol,,"rxmed(""Rythmol"")"
ø,Serax,,"rxmed(""Serax"")"
ø,Serevent Diskus,,"rxmed(""Serevent Diskus"")"
ø,Tamsulosin HCl,,"rxmed(""Tamsulosin HCl"")"
ø,Vistaril,,"rxmed(""Vistaril"")"
ø,Vitamin D3,,"rxmed(""Vitamin D3"")"
ø,Welchol,,"rxmed(""Welchol"")"
ø,Yaz,,"rxmed(""Yaz"")"
ø,Aerochamber with Mask (small mask),,"rxmed(""Aerochamber with Mask (small mask)"")"
ø,Amlodipine/Benazepril,,"rxmed(""Amlodipine/Benazepril"")"
ø,Anusol HC,,"rxmed(""Anusol HC"")"
ø,Cardizem CD,,"rxmed(""Cardizem CD"")"
ø,Chiropactic Treatments,,"rxmed(""Chiropactic Treatments"")"
ø,Ciprofloxacin/Dexamethasone,,"rxmed(""Ciprofloxacin/Dexamethasone"")"
ø,Coreg CR,,"rxmed(""Coreg CR"")"
ø,glucose test strips,,"rxmed(""glucose test strips"")"
ø,Glyburide/Metformin,,"rxmed(""Glyburide/Metformin"")"
ø,Hydromorphone HCl,,"rxmed(""Hydromorphone HCl"")"
ø,"Insulin, Regular (Human)",,"rxmed(""Insulin, Regular (Human)"")"
ø,Lanoxin,,"rxmed(""Lanoxin"")"
ø,Lantus SoloSTAR,,"rxmed(""Lantus SoloSTAR"")"
ø,Lidocaine HCl,,"rxmed(""Lidocaine HCl"")"
ø,Low-Ogestrel 28,,"rxmed(""Low-Ogestrel 28"")"
ø,Midrin,,"rxmed(""Midrin"")"
ø,Nicoderm CQ,,"rxmed(""Nicoderm CQ"")"
ø,Nitroglycerin,,"rxmed(""Nitroglycerin"")"
ø,Ondansetron HCl,,"rxmed(""Ondansetron HCl"")"
ø,Opana ER,,"rxmed(""Opana ER"")"
ø,Phentermine HCl,,"rxmed(""Phentermine HCl"")"
ø,Proctofoam-HC,,"rxmed(""Proctofoam-HC"")"
ø,Provera,,"rxmed(""Provera"")"
ø,Restoril,,"rxmed(""Restoril"")"
ø,Septra DS,,"rxmed(""Septra DS"")"
ø,Sprintec,,"rxmed(""Sprintec"")"
ø,Tretinoin,,"rxmed(""Tretinoin"")"
ø,Zomig,,"rxmed(""Zomig"")"
ø,Zyrtec,,"rxmed(""Zyrtec"")"
ø,Acetasol HC,,"rxmed(""Acetasol HC"")"
ø,AcipHex,,"rxmed(""AcipHex"")"
ø,Activella,,"rxmed(""Activella"")"
ø,Alendronate Sodium,,"rxmed(""Alendronate Sodium"")"
ø,Allegra-D 12 Hour,,"rxmed(""Allegra-D 12 Hour"")"
ø,Amphetamine Aspartate & Sulfate/Dextroamphetamine Saccharate & Sulfate,,"rxmed(""Amphetamine Aspartate & Sulfate/Dextroamphetamine Saccharate & Sulfate"")"
ø,Anusol HC 2.5,,"rxmed(""Anusol HC 2.5"")"
ø,Bentyl,,"rxmed(""Bentyl"")"
ø,BenzaClin,,"rxmed(""BenzaClin"")"
ø,Calan SR,,"rxmed(""Calan SR"")"
ø,Calcium Carbonate,,"rxmed(""Calcium Carbonate"")"
ø,Cefuroxime Axetil,,"rxmed(""Cefuroxime Axetil"")"
ø,Clobex,,"rxmed(""Clobex"")"
ø,Darvocet-N 100,,"rxmed(""Darvocet-N 100"")"
ø,Delestrogen,,"rxmed(""Delestrogen"")"
ø,Depo Testosterone,,"rxmed(""Depo Testosterone"")"
ø,Elocon,,"rxmed(""Elocon"")"
ø,Estropipate,,"rxmed(""Estropipate"")"
ø,Etodolac,,"rxmed(""Etodolac"")"
ø,Famciclovir,,"rxmed(""Famciclovir"")"
ø,Famvir,,"rxmed(""Famvir"")"
ø,Fexofenadine HCl,,"rxmed(""Fexofenadine HCl"")"
ø,Glucovance,,"rxmed(""Glucovance"")"
ø,Insulin Glargine (rDNA),,"rxmed(""Insulin Glargine (rDNA)"")"
ø,Intuniv,,"rxmed(""Intuniv"")"
ø,Keppra XR,,"rxmed(""Keppra XR"")"
ø,Klor-Con M10,,"rxmed(""Klor-Con M10"")"
ø,Levsin,,"rxmed(""Levsin"")"
ø,Loperamide,,"rxmed(""Loperamide"")"
ø,Malarone,,"rxmed(""Malarone"")"
ø,Methocarbamol,,"rxmed(""Methocarbamol"")"
ø,Mobic,,"rxmed(""Mobic"")"
ø,Monistat 1 Combination Pack,,"rxmed(""Monistat 1 Combination Pack"")"
ø,Multivitamin/Mineral Supplement,,"rxmed(""Multivitamin/Mineral Supplement"")"
ø,Naprosyn,,"rxmed(""Naprosyn"")"
ø,Niacin (Nicotinic Acid),,"rxmed(""Niacin (Nicotinic Acid)"")"
ø,Novolin N,,"rxmed(""Novolin N"")"
ø,Ortho Evra,,"rxmed(""Ortho Evra"")"
ø,Prednisolone,,"rxmed(""Prednisolone"")"
ø,Prometrium,,"rxmed(""Prometrium"")"
ø,Slow-Mag,,"rxmed(""Slow-Mag"")"
ø,Spacer Device,,"rxmed(""Spacer Device"")"
ø,Symbicort,,"rxmed(""Symbicort"")"
ø,Testosterone,,"rxmed(""Testosterone"")"
ø,Vicodin ES,,"rxmed(""Vicodin ES"")"
ø,Voltaren XR,,"rxmed(""Voltaren XR"")"
ø,Aldactazide,,"rxmed(""Aldactazide"")"
ø,Aldactone,,"rxmed(""Aldactone"")"
ø,Aviane 28,,"rxmed(""Aviane 28"")"
ø,Baclofen,,"rxmed(""Baclofen"")"
ø,Betamethasone Diproprionate,,"rxmed(""Betamethasone Diproprionate"")"
ø,Bethanechol Chloride,,"rxmed(""Bethanechol Chloride"")"
ø,Calcium Carbonate/Vitamin D,,"rxmed(""Calcium Carbonate/Vitamin D"")"
ø,Ceftin,,"rxmed(""Ceftin"")"
ø,Cephalexin,,"rxmed(""Cephalexin"")"
ø,Claritin,,"rxmed(""Claritin"")"
ø,Clindamycin Phosphate,,"rxmed(""Clindamycin Phosphate"")"
ø,Cyclocort,,"rxmed(""Cyclocort"")"
ø,Depakote,,"rxmed(""Depakote"")"
ø,Dextromethorphan HBr,,"rxmed(""Dextromethorphan HBr"")"
ø,Dicloxacillin Sodium,,"rxmed(""Dicloxacillin Sodium"")"
ø,Erythromycin Topical,,"rxmed(""Erythromycin Topical"")"
ø,Estring,,"rxmed(""Estring"")"
ø,Fluconazole,,"rxmed(""Fluconazole"")"
ø,Flunisolide,,"rxmed(""Flunisolide"")"
ø,Fluocinolone Acetonide,,"rxmed(""Fluocinolone Acetonide"")"
ø,Fosamax Plus D,,"rxmed(""Fosamax Plus D"")"
ø,Hydralazine HCl,,"rxmed(""Hydralazine HCl"")"
ø,Hydroxyzine HCl,,"rxmed(""Hydroxyzine HCl"")"
ø,Hytrin,,"rxmed(""Hytrin"")"
ø,Imdur,,"rxmed(""Imdur"")"
ø,Ketotifen,,"rxmed(""Ketotifen"")"
ø,Labetalol HCl,,"rxmed(""Labetalol HCl"")"
ø,Lamictal,,"rxmed(""Lamictal"")"
ø,Lantus OptiClik,,"rxmed(""Lantus OptiClik"")"
ø,Loestrin 1.5/30  21 day,,"rxmed(""Loestrin 1.5/30  21 day"")"
ø,Mirena,,"rxmed(""Mirena"")"
ø,Nicotine,,"rxmed(""Nicotine"")"
ø,Nizatidine,,"rxmed(""Nizatidine"")"
ø,Nizoral,,"rxmed(""Nizoral"")"
ø,Novolog Flexpen,,"rxmed(""Novolog Flexpen"")"
ø,Ortho Cyclen  28,,"rxmed(""Ortho Cyclen  28"")"
ø,Ortho Tri-Cyclen Lo 28,,"rxmed(""Ortho Tri-Cyclen Lo 28"")"
ø,Plendil,,"rxmed(""Plendil"")"
ø,Podofilox,,"rxmed(""Podofilox"")"
ø,Poly-Vi-Flor,,"rxmed(""Poly-Vi-Flor"")"
ø,Prevpac,,"rxmed(""Prevpac"")"
ø,Pulmicort Respules,,"rxmed(""Pulmicort Respules"")"
ø,Raloxifene,,"rxmed(""Raloxifene"")"
ø,Remeron,,"rxmed(""Remeron"")"
ø,Robaxin,,"rxmed(""Robaxin"")"
ø,Seasonale,,"rxmed(""Seasonale"")"
ø,Selegiline HCl,,"rxmed(""Selegiline HCl"")"
ø,Senna,,"rxmed(""Senna"")"
ø,Septra,,"rxmed(""Septra"")"
ø,Slo-Niacin,,"rxmed(""Slo-Niacin"")"
ø,Tamiflu,,"rxmed(""Tamiflu"")"
ø,Vicoprofen,,"rxmed(""Vicoprofen"")"
ø,Vimpat,,"rxmed(""Vimpat"")"
ø,Zanaflex,,"rxmed(""Zanaflex"")"
ø,Zithromax Z-Pak,,"rxmed(""Zithromax Z-Pak"")"
ø,Advicor,,"rxmed(""Advicor"")"
ø,Aggrenox,,"rxmed(""Aggrenox"")"
ø,Amiodarone HCl,,"rxmed(""Amiodarone HCl"")"
ø,AndroGel 2.5G,,"rxmed(""AndroGel 2.5G"")"
ø,Anusol,,"rxmed(""Anusol"")"
ø,Arimidex,,"rxmed(""Arimidex"")"
ø,Armour Thyroid,,"rxmed(""Armour Thyroid"")"
ø,Atrovent HFA,,"rxmed(""Atrovent HFA"")"
ø,Augmentin ES-600,,"rxmed(""Augmentin ES-600"")"
ø,Bactrim Pediatric,,"rxmed(""Bactrim Pediatric"")"
ø,Bactroban Nasal,,"rxmed(""Bactroban Nasal"")"
ø,Beconase AQ,,"rxmed(""Beconase AQ"")"
ø,Betamethasone Valerate,,"rxmed(""Betamethasone Valerate"")"
ø,Bisoprolol/Hydrochlorthiazide,,"rxmed(""Bisoprolol/Hydrochlorthiazide"")"
ø,Cetirizine HCl,,"rxmed(""Cetirizine HCl"")"
ø,chiropracter,,"rxmed(""chiropracter"")"
ø,Ciprofloxacin/Hydrocortisone,,"rxmed(""Ciprofloxacin/Hydrocortisone"")"
ø,Codeine Sulfate,,"rxmed(""Codeine Sulfate"")"
ø,Demerol HCl,,"rxmed(""Demerol HCl"")"
ø,Dexamethasone,,"rxmed(""Dexamethasone"")"
ø,Dexedrine,,"rxmed(""Dexedrine"")"
ø,Dextroamphetamine,,"rxmed(""Dextroamphetamine"")"
ø,Ditropan,,"rxmed(""Ditropan"")"
ø,Dovonex,,"rxmed(""Dovonex"")"
ø,Dulcolax,,"rxmed(""Dulcolax"")"
ø,Duragesic,,"rxmed(""Duragesic"")"
ø,Elidel,,"rxmed(""Elidel"")"
ø,Erythromycin/Benzoyl Peroxide,,"rxmed(""Erythromycin/Benzoyl Peroxide"")"
ø,Etanercept,,"rxmed(""Etanercept"")"
ø,Ethinyl Estradiol /Ethynodiol Diacetate,,"rxmed(""Ethinyl Estradiol /Ethynodiol Diacetate"")"
ø,Fentanyl,,"rxmed(""Fentanyl"")"
ø,Ferrous Gluconate,,"rxmed(""Ferrous Gluconate"")"
ø,Folic Acid,,"rxmed(""Folic Acid"")"
ø,Glucagon Emergency,,"rxmed(""Glucagon Emergency"")"
ø,Glycolax,,"rxmed(""Glycolax"")"
ø,Halcion,,"rxmed(""Halcion"")"
ø,Humulin 70/30,,"rxmed(""Humulin 70/30"")"
ø,Humulin R,,"rxmed(""Humulin R"")"
ø,Imodium A-D,,"rxmed(""Imodium A-D"")"
ø,Indocin,,"rxmed(""Indocin"")"
ø,"Insulin, Isophane Suspension (NPH, Human)",,"rxmed(""Insulin, Isophane Suspension (NPH, Human)"")"
ø,Ivermectin,,"rxmed(""Ivermectin"")"
ø,Levofloxacin,,"rxmed(""Levofloxacin"")"
ø,Lodine,,"rxmed(""Lodine"")"
ø,Loestrin  Fe 1/20  28 day,,"rxmed(""Loestrin  Fe 1/20  28 day"")"
ø,Loratadine/Pseudoephedrine,,"rxmed(""Loratadine/Pseudoephedrine"")"
ø,Lumigan,,"rxmed(""Lumigan"")"
ø,Lybrel,,"rxmed(""Lybrel"")"
ø,Macrodantin,,"rxmed(""Macrodantin"")"
ø,Medrol,,"rxmed(""Medrol"")"
ø,Medroxyprogesterone Acetate,,"rxmed(""Medroxyprogesterone Acetate"")"
ø,Metadate CD,,"rxmed(""Metadate CD"")"
ø,Metoclopramide HCl,,"rxmed(""Metoclopramide HCl"")"
ø,Metoprolol Succinate,,"rxmed(""Metoprolol Succinate"")"
ø,Micatin,,"rxmed(""Micatin"")"
ø,Miconazole Nitrate,,"rxmed(""Miconazole Nitrate"")"
ø,Mircette,,"rxmed(""Mircette"")"
ø,Monopril,,"rxmed(""Monopril"")"
ø,Nabumetone,,"rxmed(""Nabumetone"")"
ø,Nitrostat,,"rxmed(""Nitrostat"")"
ø,Novofine needle,,"rxmed(""Novofine needle"")"
ø,Prempro,,"rxmed(""Prempro"")"
ø,Proctosol-HC,,"rxmed(""Proctosol-HC"")"
ø,Promethazine with Codeine,,"rxmed(""Promethazine with Codeine"")"
ø,Provigil,,"rxmed(""Provigil"")"
ø,Pseudoephedrine HCl,,"rxmed(""Pseudoephedrine HCl"")"
ø,Quinapril,,"rxmed(""Quinapril"")"
ø,Retin-A,,"rxmed(""Retin-A"")"
ø,Robitussin A-C,,"rxmed(""Robitussin A-C"")"
ø,Sanctura XR,,"rxmed(""Sanctura XR"")"
ø,Selenium Sulfide,,"rxmed(""Selenium Sulfide"")"
ø,Sulfasalazine,,"rxmed(""Sulfasalazine"")"
ø,Tenoretic 50,,"rxmed(""Tenoretic 50"")"
ø,Tioconazole,,"rxmed(""Tioconazole"")"
ø,Torsemide,,"rxmed(""Torsemide"")"
ø,Tussionex,,"rxmed(""Tussionex"")"
ø,Ultram,,"rxmed(""Ultram"")"
ø,Vancomycin HCl,,"rxmed(""Vancomycin HCl"")"
ø,Veramyst,,"rxmed(""Veramyst"")"
ø,Vicodin HP,,"rxmed(""Vicodin HP"")"
ø,Vitamin C,,"rxmed(""Vitamin C"")"
ø,Vitamin K,,"rxmed(""Vitamin K"")"
ø,Vytorin,,"rxmed(""Vytorin"")"
ø,Zonisamide,,"rxmed(""Zonisamide"")"
ø,Aldara,,"rxmed(""Aldara"")"
ø,AndroGel 5.0G,,"rxmed(""AndroGel 5.0G"")"
ø,AndroGel Pump,,"rxmed(""AndroGel Pump"")"
ø,Arthrotec 50,,"rxmed(""Arthrotec 50"")"
ø,Atacand,,"rxmed(""Atacand"")"
ø,Avandia,,"rxmed(""Avandia"")"
ø,Avar Green,,"rxmed(""Avar Green"")"
ø,Axert,,"rxmed(""Axert"")"
ø,Azathioprine,,"rxmed(""Azathioprine"")"
ø,Azelaic Acid,,"rxmed(""Azelaic Acid"")"
ø,Biaxin,,"rxmed(""Biaxin"")"
ø,Bisacodyl,,"rxmed(""Bisacodyl"")"
ø,Boniva,,"rxmed(""Boniva"")"
ø,Carbamazepine,,"rxmed(""Carbamazepine"")"
ø,Catapres-TTS,,"rxmed(""Catapres-TTS"")"
ø,Cefadroxil,,"rxmed(""Cefadroxil"")"
ø,Cefixime,,"rxmed(""Cefixime"")"
ø,Chloroquine Phosphate,,"rxmed(""Chloroquine Phosphate"")"
ø,Cilostazol,,"rxmed(""Cilostazol"")"
ø,Clopidogrel,,"rxmed(""Clopidogrel"")"
ø,Codeine Phosphate,,"rxmed(""Codeine Phosphate"")"
ø,Compression Hose,,"rxmed(""Compression Hose"")"
ø,Coreg,,"rxmed(""Coreg"")"
ø,Cryselle,,"rxmed(""Cryselle"")"
ø,D.H.E. 45,,"rxmed(""D.H.E. 45"")"
ø,Desonide,,"rxmed(""Desonide"")"
ø,Diphenhydramine HCl,,"rxmed(""Diphenhydramine HCl"")"
ø,Divalproex Sodium,,"rxmed(""Divalproex Sodium"")"
ø,Dyazide,,"rxmed(""Dyazide"")"
ø,Econazole Nitrate,,"rxmed(""Econazole Nitrate"")"
ø,Enoxaparin,,"rxmed(""Enoxaparin"")"
ø,Estraderm,,"rxmed(""Estraderm"")"
ø,Famotidine,,"rxmed(""Famotidine"")"
ø,Fexofenadine/Pseudoephedrine,,"rxmed(""Fexofenadine/Pseudoephedrine"")"
ø,Flector,,"rxmed(""Flector"")"
ø,Fludrocortisone Acetate,,"rxmed(""Fludrocortisone Acetate"")"
ø,Fluvoxamine Maleate,,"rxmed(""Fluvoxamine Maleate"")"
ø,Fosinopril/Hydrochlorothiazide,,"rxmed(""Fosinopril/Hydrochlorothiazide"")"
ø,Glucotrol XL,,"rxmed(""Glucotrol XL"")"
ø,Guaifenesin,,"rxmed(""Guaifenesin"")"
ø,Guiatuss AC,,"rxmed(""Guiatuss AC"")"
ø,Haloperidol,,"rxmed(""Haloperidol"")"
ø,Ipratropium Bromide,,"rxmed(""Ipratropium Bromide"")"
ø,Keppra,,"rxmed(""Keppra"")"
ø,Lamisil AT,,"rxmed(""Lamisil AT"")"
ø,Lamotrigine,,"rxmed(""Lamotrigine"")"
ø,Levalbuterol,,"rxmed(""Levalbuterol"")"
ø,Levemir,,"rxmed(""Levemir"")"
ø,Librax (w/clidinium),,"rxmed(""Librax (w/clidinium)"")"
ø,Lotrel,,"rxmed(""Lotrel"")"
ø,Lotrimin AF,,"rxmed(""Lotrimin AF"")"
ø,Lotrisone,,"rxmed(""Lotrisone"")"
ø,Lovenox,,"rxmed(""Lovenox"")"
ø,Lyrica,,"rxmed(""Lyrica"")"
ø,Malathion,,"rxmed(""Malathion"")"
ø,Meclizine HCl,,"rxmed(""Meclizine HCl"")"
ø,Melatonin,,"rxmed(""Melatonin"")"
ø,Metamucil,,"rxmed(""Metamucil"")"
ø,Methotrexate Sodium,,"rxmed(""Methotrexate Sodium"")"
ø,Methylprednisolone,,"rxmed(""Methylprednisolone"")"
ø,Milk Of Magnesia,,"rxmed(""Milk Of Magnesia"")"
ø,Monistat 7,,"rxmed(""Monistat 7"")"
ø,Mupirocin,,"rxmed(""Mupirocin"")"
ø,Naproxen Sodium,,"rxmed(""Naproxen Sodium"")"
ø,Necon 0.5/35 28 day,,"rxmed(""Necon 0.5/35 28 day"")"
ø,Necon 1/35 28 day,,"rxmed(""Necon 1/35 28 day"")"
ø,Niacinamide,,"rxmed(""Niacinamide"")"
ø,Nicorette,,"rxmed(""Nicorette"")"
ø,Nifediac CC,,"rxmed(""Nifediac CC"")"
ø,Nix Creme Rinse,,"rxmed(""Nix Creme Rinse"")"
ø,Norco,,"rxmed(""Norco"")"
ø,Nortrel 7/7/7,,"rxmed(""Nortrel 7/7/7"")"
ø,Novolin 70/30,,"rxmed(""Novolin 70/30"")"
ø,NovoLog Mix 70/30 FlexPen,,"rxmed(""NovoLog Mix 70/30 FlexPen"")"
ø,Nuvigil,,"rxmed(""Nuvigil"")"
ø,Ogestrel 28,,"rxmed(""Ogestrel 28"")"
ø,One Touch Basic Monitor,,"rxmed(""One Touch Basic Monitor"")"
ø,Peak Flow Meter,,"rxmed(""Peak Flow Meter"")"
ø,Plan B One-Step,,"rxmed(""Plan B One-Step"")"
ø,Polymyxin B/Trimethoprim,,"rxmed(""Polymyxin B/Trimethoprim"")"
ø,Polytrim,,"rxmed(""Polytrim"")"
ø,Pregabalin,,"rxmed(""Pregabalin"")"
ø,Prenatal Multivitamin & DHA,,"rxmed(""Prenatal Multivitamin & DHA"")"
ø,Primidone,,"rxmed(""Primidone"")"
ø,Prochlorperazine,,"rxmed(""Prochlorperazine"")"
ø,Protopic,,"rxmed(""Protopic"")"
ø,Pulmicort Flexhaler,,"rxmed(""Pulmicort Flexhaler"")"
ø,Questran,,"rxmed(""Questran"")"
ø,Quinapril/Hydrochlorothiazide,,"rxmed(""Quinapril/Hydrochlorothiazide"")"
ø,Quinine Sulfate,,"rxmed(""Quinine Sulfate"")"
ø,Relafen,,"rxmed(""Relafen"")"
ø,Retin-A Micro,,"rxmed(""Retin-A Micro"")"
ø,Rhinocort Aqua,,"rxmed(""Rhinocort Aqua"")"
ø,Rifampin,,"rxmed(""Rifampin"")"
ø,Rifaximin,,"rxmed(""Rifaximin"")"
ø,Senna-Gen,,"rxmed(""Senna-Gen"")"
ø,Sildenafil Citrate,,"rxmed(""Sildenafil Citrate"")"
ø,Silver Sulfadiazine,,"rxmed(""Silver Sulfadiazine"")"
ø,Sinemet-CR,,"rxmed(""Sinemet-CR"")"
ø,Tacrolimus,,"rxmed(""Tacrolimus"")"
ø,Temovate,,"rxmed(""Temovate"")"
ø,Tenormin,,"rxmed(""Tenormin"")"
ø,Tiotropium Bromide,,"rxmed(""Tiotropium Bromide"")"
ø,Topiramate,,"rxmed(""Topiramate"")"
ø,Tricor,,"rxmed(""Tricor"")"
ø,Triple Antibiotic,,"rxmed(""Triple Antibiotic"")"
ø,"Tylenol, Children's",,"rxmed(""Tylenol, Children's"")"
ø,"Tylenol, Infants' Drops",,"rxmed(""Tylenol, Infants' Drops"")"
ø,Ultram ER,,"rxmed(""Ultram ER"")"
ø,Ventolin,,"rxmed(""Ventolin"")"
ø,Vermox,,"rxmed(""Vermox"")"
ø,VESIcare,,"rxmed(""VESIcare"")"
ø,Vitamin K,,"rxmed(""Vitamin K"")"
ø,Vivelle,,"rxmed(""Vivelle"")"
ø,Xylocaine Viscous,,"rxmed(""Xylocaine Viscous"")"
ø,Zanamivir,,"rxmed(""Zanamivir"")"
ø,Zaroxolyn,,"rxmed(""Zaroxolyn"")"
ø,Zestoretic,,"rxmed(""Zestoretic"")"
ø,Zyrtec-D 12 Hour,,"rxmed(""Zyrtec-D 12 Hour"")"
